Steam ID,Game,Price
2001050,‰∏âÂõΩËã±ÈõÑÂùõ,$0.99
2000400,Satama Puzzle Soundtrack,$0.99
1999910,Nightmare Hunter,$0.99
1999700,Something Strange,$0.99
1999110,Goddess Of Card War 2 DLC-1,$0.99
1999111,Goddess Of Card War 2 DLC-2,$0.99
1960770,Sea of Dreams Soundtrack,$0.99
1961110,‰æù‰æù Soundtrack,$0.99
1959900,ËΩ¨ÁîüÊàê‰∏∫Âè≤Ëé±ÂßÜÁöÑÊàëÂèòÊàê‰∫ÜÁæéÂ∞ëÂ•≥ÁöÑÂÆ†Áâ©,$0.99
1960100,Valera The Drunken Lobster,$0.99
1959260,My Therapist is a Futanari 2,$0.99
1959450,System Purge Soundtrack,$0.99
1958810,My Bunny Girl,$0.99
1958298,The Caligula Effect 2 - Stigma [‚òÖPure Voice],$0.99
1958299,The Caligula Effect 2 - Stigma [‚òÖSecret Malice],$0.99
1958300,The Caligula Effect 2 - Stigma [‚òÖSweet Egoism],$0.99
1958302,The Caligula Effect 2 - Stigma [‚òÖWalpurgisnacht],$0.99
1958303,The Caligula Effect 2 - Stigma [‚òÖYamato Spirit],$0.99
1958600,Barro F22,$0.99
1957910,Farmland Realm,$0.99
1958290,The Caligula Effect 2 - Stigma [‚òÖBox of Happiness],$0.99
1958291,The Caligula Effect 2 - Stigma [‚òÖCamaraderie],$0.99
1958292,The Caligula Effect 2 - Set of 3 Stigmas,$0.99
1958293,The Caligula Effect 2 - Stigma [‚òÖFemme Fatale],$0.99
1958295,The Caligula Effect 2 - Stigma [‚òÖLunatic Plus],$0.99
1958296,The Caligula Effect 2 - Stigma [‚òÖMisery Syndrome],$0.99
1957420,Support The Creators If You Want To,$0.99
1957490,Card Girl Army ‚Ö° DLC-1,$0.99
1957491,Card Girl Army ‚Ö° DLC-2,$0.99
1957650,Bitch demon twins,$0.99
1957790,Fire The Zombies,$0.99
1957820,The Detail's In The Devils,$0.99
1957140,Indecent Details - Art Collection,$0.99
1957210,Dogs Cyberpuzzle,$0.99
1957220,Departure.,$0.99
1956620,Ê∏∏Êàè‰∏ÄÈîÖÁ≤•,$0.99
1956120,Famished zombies:  Decisive extermination,$0.99
1954980,Coloring Pixels - Tarot Pack,$0.99
1953750,Wolfie's Break Out Soundtrack,$0.99
1952910,Social Moth,$0.99
1953110,Programming Without Coding Technology 2.0,$0.00
1951110,Wind Angel Challenge DLC-1,$0.99
1951111,Wind Angel Challenge DLC-2,$0.99
1950460,My Trainer is a Futanari,$0.99
1950000,Merge Cats - Idle Game,$0.99
1950140,ÊãØÊïëÊ†°Ëä±Ë°åÂä®,$0.99
1949380,Capture Creatures,$0.99
1949640,ËµõÂçöÁóÖÊØí,$0.99
1949670,bluem,$0.99
2072580,WordBed,$0.99
2072230,Battle Part,$0.99
2071770,Sokorun: one box,$0.99
2071240,The Wire Man,$0.99
2071350,Motorbike Video Puzzle,$0.99
2070830,Oppai Puzzle L,$0.99
2068750,Through the night,$0.99
2069030,Gronk Want Rock,$0.99
2069130,Â∑¥ÂìàÂßÜÁâπ2-Èæç‰πãÊñ∞Â®ò-Powerful Pet:Dinosaur,$0.99
2068350,My Sugar Mommy is a Futanari,$0.99
2068360,The Futanati,$0.99
2068370,My Agent is a Futanari,$0.99
2068120,From Hell,$0.00
2068310,skin 1,$0.99
2068311,skin 2,$0.99
2068312,skin 3,$0.99
2067670,ËÆ∞ÂøÜÁ¢éÁâáFragment,$0.99
2066920,ColorCube,$0.99
2066930,Bakso Simulator - Fan Pack #2,$0.99
2066931,Bakso Simulator - Secret Tickets,$0.99
2067060,Sweet Agents Soundtrack,$0.99
2067080,Sweet Agents - Artbook 18+,$0.99
2067090,Coloring Pixels - Sci-Fi Fantasy Vistas Pack,$0.99
2067110,Assassin Girls Soundtrack,$0.99
2067140,AirRaid,$0.99
2067200,Blobble Wars 2,$0.99
2066780,Ê¥õÁ•ûËßÅÊúà,$0.99
2066820,Bakso Simulator - Fan Pack #1,$0.99
2066150,Chess Pills Soundtrack,$0.99
2065860,Floor Is Lava,$0.99
2065010,I Was Wrong,$0.99
2065290,Emerl Alpha Costume - Burning Requiem: Fates,$0.99
2065300,Pixel Alpha Costume,$0.99
2065301,Jaguar Alpha Costume,$0.99
2064080,BOMJTOWN,$0.99
2064090,Streamers' Secret Life,$0.99
2064180,Maze Mart,$0.99
2064210,Special Gulag Rescue Operation - Nude Supporter Pack,$0.99
2064410,Truck Rally Hyper Hardcore,$0.99
2063140,NetaJump,$0.99
2063340,Kawaii Hentai Sexy Girls,$0.99
2062620,Push Battle - New Skin Pack,$0.99
2062840,Animperium,$0.99
2062920,TTV4,$0.99
2062270,BoxLoop,$0.99
2062040,Ê≠¶ÂÑíÁªòÂç∑ - Â§©Âú∞Â•áÁºò ÂØåË±™Ê®°ÂºèÊâ©Â±ïÂåÖ,$0.99
2061260,ÂèëÁé∞ÂßêÂßêÊòØÂ¶πÊéßÁöÑÊàë‰ªäÂêéËØ•Â¶Ç‰ΩïÊòØÂ•Ω,$0.99
2061540,Chompies!,$0.99
1997900,F*ckable Kim,$0.99
1997110,Amalgamy,$0.99
1997550,Square Journey,$0.99
1995620,ROUGH KUTS: 3D Soundtrack,$0.99
1995230,Chaotic Loop,$0.99
1994630,2D Brick Breaker Game | REMASTERED,$0.99
1994710,Bullet Chase,$0.99
1995030,Lord of Darkness: Prologue,$0.99
1994290,RUKIMIN's Disappointing Adventure! - Royalty free illustrations,$0.99
1994350,Stickman Synthwave Escape,$0.99
1994480,ÂàÄÂÖâÂâëÂΩ±,$0.99
1993940,Piggy Jump The Hardest Game,$0.99
1993950,CurryKitten FPV Simulator Soundtrack,$0.99
1994100,Mini Mecum Soundtrack,$0.99
1993140,Shooting girl,$0.99
1993520,Seasons,$0.99
1992930,It's Time,$0.99
1993010,Clown Theft Auto: Woke City,$0.99
1993030,Clown For Speed,$0.99
1992600,Gedaria - Fairytale forest,$0.99
1991220,Coloring Pixels - Mythology 2 Pack,$0.99
1991230,Atelophobia,$0.99
1991360,Dream Walk: Mortgage,$0.99
1990740,Barro GT,$0.49
1990910,Thrice in a row: Last Adventure,$0.00
1990580,ÂºÇÁïåÁîüÂ≠ò,$0.99
1990610,Nedia Hotel,$0.99
1990620,Night Escaper,$0.99
1989800,Apocalive,$0.99
1988820,A-Mazing Enigmas,$0.99
1989090,Â§èÊó•Áõ∏ÂÜå,$0.99
1987630,1651,$0.99
1986920,Me and my eldritch parasite Soundtrack,$0.99
1987050,Metal World: Street Scraps,$0.49
1986181,Timeflow Clipboard Balance Skin,$0.99
1986182,Timeflow Legal pad Balance Skin,$0.99
1986183,Timeflow Agenda Balance Skin,$0.99
1986184,Timeflow Wired Balance Skin,$0.99
1986190,Timeflow Craft Balance Skin,$0.99
1986191,Timeflow Molesking Balance Skin,$0.99
1986192,Timeflow Scrapbook Balance Skin,$0.99
1986193,Timeflow Napkin Balance Skin,$0.99
1986194,Timeflow Lined Balance Skin,$0.99
1986195,Timeflow Grid Balance Skin,$0.99
1986230,What if your girl was a frog?,$0.99
1986240,Maid PizzaHub,$0.99
1985630,Tom's Adventure,$0.99
1985360,Cute Cats 3,$0.99
1984530,Idle Business Tycoon - Build Simulator - Expansion Pack 3,$0.99
1984670,Detect Dan The Dog!,$0.99
1974160,Running in the Y2K - Support DLC,$0.99
1974320,Colors! Platform,$0.99
1974040,The Questing,$0.99
1973350,Blade Bros ACTION!,$0.99
1973440,Idle Business Tycoon - Build Simulator - Expansion Pack 1,$0.99
1972830,Molecule Make lab,$0.99
1972250,Project: Maidenless,$0.99
1971190,È£éÂ¢ìÊàòËÆ∞,$0.99
1971620,Familiar Soundtrack,$0.99
1969840,RoastTogether,$0.99
1969880,RATUZ Soundtrack,$0.99
1969910,Some Synergy,$0.99
1969930,Decisive Strike,$0.99
1969640,Random Skin Pack,$0.99
1969200,What was Soundtrack,$0.99
1968460,Color Skin Pack,$0.99
1968520,Unknown,$0.99
1968600,Lander Odyssey,$0.99
1968140,TheFlame,$0.99
1968240,Escape If You Can,$0.99
1968360,Invaders from the Third Dimension,$0.99
1967830,Ê≠¶ÂÑíÁªòÂç∑ - Â§©Âú∞Â•áÁºò,$0.99
1967020,Siren's Call Fan Pack,$0.99
1966300,Army of One : War Worlds,$0.99
1965670,ÂçàÊó∂Â∑≤Âà∞,$0.99
1965610,Froggie,$0.99
1964640,Ë®≠ÂÆöÈõÜArtBook,$0.99
1964690,Dwarfenstein,$0.99
1965020,Curro,$0.99
1964250,I H8 Ur Face,$0.99
1963840,Ê¨°ÂÖÉÊàòÁ∫™,$0.99
1963160,Elemental Angel ‚Ö¢ DLC-1,$0.99
1963161,Elemental Angel ‚Ö¢ DLC-2,$0.99
1963162,Elemental Angel ‚Ö¢ DLC-3,$0.99
1963163,Elemental Angel ‚Ö¢ DLC-4,$0.99
1963480,Race to Kyiv,$0.99
2023960,Home Sick,$0.99
2023970,Light Them Up,$0.99
2023680,ATurd,$0.99
2022740,My Landlord is a Futanari,$0.99
2022950,Pimania - The Hit Single,$0.99
2022510,Turbo Light Rush,$0.99
2022650,Entry,$0.99
2021410,Make Love Not War,$0.99
2021790,A Last Will and Testament Soundtrack,$0.99
2021180,Coloring Pixels - Summer Pack,$0.99
2020420,Astro Ike,$0.99
2020770,Xeno Last Stand,$0.99
2020080,Chess Dungeons,$0.99
2020380,Astrocat: Skylar¬¥s Memories,$0.99
2019850,Running in the Y2K - Gladiator DLC,$0.99
2019260,PARADISE CLEANING -Me and my Doctor's life in the hospital-,$0.99
2018900,Big Flying Asteroid,$0.99
2018940,Despectum Drakone Soundtrack,$0.99
2018320,War Tanks,$0.99
2017490,Hot Milf 7,$0.99
2017630,Hero of war,$0.99
2017910,PaperPlane,$0.99
2017160,Hot Milf 6,$0.99
2016850,Blastboard - Casso Plugin,$0.99
2017000,VAR‰πêÂõ≠ÁªàË∫´VIP,$0.99
2017060,Para-Lax,$0.99
2016230,Puzzle World: Cute Monsters,$0.99
2014930,A Last Will and Testament,$0.99
2014370,È≠îÂ°î‰∏âÂõΩ‰πãÁæ§ÈõÑ‰∫âÈú∏,$0.99
2014510,COLORIDER,$0.99
2014580,Running in the Y2K - Primal DLC,$0.99
2012830,ËæπÁºò‰∏ñÁïå Edge Worlds,$0.99
2012450,CAT GAMEüê±,$0.99
2012170,Ashzel & The Power Dagger,$0.99
1983540,Symmetry Lines,$0.99
1983600,TYPER GIRL,$0.99
1982240,KITBASHERS UNITED,$0.99
1981290,Mini Treasure Girl,$0.74
1980840,My Girlfriend is a Musician Artbook,$0.99
1980930,ÈÅóÂøò‰πãÂú∞,$0.99
1980570,Grederys,$0.99
1979850,Eternal Samurai,$0.99
1979910,Idle Business Tycoon - Build Simulator - Expansion Pack 2,$0.99
1979390,King,$0.99
1979550,Doorman,$0.99
1979600,Tip Jar,$0.79
1979040,Skin Pack #1,$0.99
1979041,Skin Pack #2,$0.99
1979050,Skin Pack #3,$0.99
1978490,ÂÉèÁ¥†ÁªòÂõæÊñπÂùó,$0.99
1978920,Bean Story,$0.99
1978110,HUMDLE,$0.99
1978140,Meowtopia:Expedition - Cats Party,$0.99
1978390,New Supper Banana! - Hat DLC,$0.99
1977900,Bonza Boom,$0.99
1977230,Ralph's party RPG,$0.56
1977360,Chords Enchanter,$0.99
1976650,Sukebe Beach,$0.99
1976020,The Soul Stone War 2 - Achievements Guide,$0.99
1976130,KickNSlap,$0.99
1975990,The Soul Stone War - Achievements Guide,$0.99
1376640,Divine Favor,$0.99
1376940,Monster Killer,$0.99
1376220,Sperm Runner,$0.99
1376370,Hentai Jigsaw Emma,$0.99
1376470,Hunted,$0.99
1376590,Sphere Game,$0.99
1375850,AHH!!! MazeZing,$0.99
1375920,Ghost Beat,$0.99
1375940,PULSAR,$0.99
1375520,BlueBete,$0.99
1374940,Bulldozer,$0.99
1375000,Valletine against Darkne,$0.99
1375280,CosmoDrive:Infinity,$0.99
1374470,Hentai Cool Girls,$0.99
1374500,Sweet and Cute,$0.99
1374590,Monsterwolf,$0.99
1374620,Furry Woof and Nya Soundtrack,$0.99
1374650,Furry Woof and Nya - Artbook 18+,$0.99
1374730,Ikarus Ride - Orlando Theme Park VR,$0.99
1374731,Booster Ride - Orlando Theme Park VR,$0.99
1374380,Barro - 2020 Expansion,$0.99
1373580,Bor,$1.00
1372980,Uranus - Personal Demons,$0.99
1373020,Fox's Holiday / Áãê„ÅÆÂÅáÊúü,$0.99
1373120,Air Wars,$0.99
1373150,Chupa Chupa VR - Dress-up pack,$0.99
1372550,The Nightmare,$0.99
1372010,Cube Shifter,$0.99
1372090,Hentai Cyberpunk,$0.99
1372260,Watch Your Helmet,$0.99
1372310,Love Mystery Club,$0.99
1372390,Cosmic Disco,$0.99
1371770,ÂÆµÈóá„ÉéÂΩ±,$0.99
1371170,3 min per day! Improve your aged eyes(Presbyopia),$0.99
1371320,Beat Flip,$0.99
1371401,Monster Hunter World: Iceborne - Pendant: Mechanical Gold Watch,$0.99
1371402,Monster Hunter World: Iceborne - Pendant: Mechanical Silver Watch,$0.99
1371403,Monster Hunter World: Iceborne - Pendant: Blazing Glavenus Candle,$0.99
1371404,Monster Hunter World: Iceborne - Pendant: Shocked Kulu-Ya-Ku,$0.99
1371407,Monster Hunter World: Iceborne - Pendant: Heavenly Hog,$0.99
1371408,Monster Hunter World: Iceborne - Pendant: Beelzeboar,$0.99
1371409,Monster Hunter World: Iceborne - Pendant: Meowscular Gains Chain,$0.99
1370740,20000 Miles Under the Sea Soundtrack,$0.99
1371040,–ö–æ—Ä–∏–¥–æ—Ä—ã –∏—Ö –≤–æ—Å–ø–æ–º–∏–Ω–∞–Ω–∏–π,$0.99
1371050,Illness in the East,$0.99
1371110,labyrinth 2,$0.99
1370300,Ultragun Dreamland,$0.99
1370430,Police Chase,$0.99
1370470,Paralax Vr Aim Trainer,$0.99
1370550,Circles of Hell,$0.99
1370580,Toilet Paper Unleashed,$0.99
1369950,‰∫°ÂëΩÂ∞∏ÊΩÆÊÉäÈ≠ÇÂ§ú Escape Zombies At Night,$0.99
1369990,DEEP STATES STORY,$0.99
1368830,ÂõûÁ∫πÊàòÊ£ã,$0.99
1368610,Idle Expanse - Reality Shifter,$0.99
1368670,Beach Volleyball Competition,$0.99
1368770,The Line,$0.99
1367970,Motionless,$0.99
1367630,Memory Battle - Fruit Pack,$0.99
1367640,Memory Battle - Magic Pack,$0.99
1367650,Memory Battle - Nature Pack,$0.99
1367660,Memory Battle - Things Pack,$0.99
1367750,Target Runner,$0.99
1366940,Time Gap Puppies,$0.99
1366810,AccrO,$0.99
1365930,Shadow Walls,$0.99
1365540,Hot Tiles,$0.99
1365550,The Grand Lord,$0.99
1365560,The Laundry,$0.99
1365630,BAL Solid,$0.99
1362860,Before Nightfall: Summertime,$0.99
1362910,Waterpark Simulator,$0.99
1363020,100-Level Dungeon,$0.99
1363090,STARS ERA:THE FINAL DEFENCE,$0.99
1362310,Zombie Simulator,$0.99
1362460,EMBERZONE,$0.99
1361420,Krum - Battle Arena - Gul Warrior,$0.99
1361500,Hentai Swimming Club,$0.99
1361540,Hentai Monster Quiz 2,$0.99
1360760,DARK MAZE,$0.99
1360820,The Chase,$0.99
1361140,Record LifeÔºöDoomsday Crisis,$0.99
1360347,TIGER GAME ASSETS LOGOTYPE VOL.08,$0.99
1360348,TIGER GAME ASSETS LOGOTYPE VOL.09,$0.99
1360349,TIGER GAME ASSETS LOGOTYPE VOL.10,$0.99
1360350,TIGER GAME ASSETS LOGOTYPE VOL.11,$0.99
1360351,TIGER GAME ASSETS LOGOTYPE VOL.12,$0.99
1360352,TIGER GAME ASSETS LOGOTYPE VOL.13,$0.99
1360353,TIGER GAME ASSETS LOGOTYPE VOL.14,$0.99
1360354,TIGER GAME ASSETS LOGOTYPE VOL.15,$0.99
1360355,TIGER GAME ASSETS LOGOTYPE VOL.16,$0.99
1360356,TIGER GAME ASSETS LOGOTYPE VOL.17,$0.99
1360357,TIGER GAME ASSETS LOGOTYPE VOL.18,$0.99
1360580,The Fire,$0.99
1360630,RUN! GRANDPA! RUN! Soundtrack,$0.99
1360680,+18 Content,$0.99
1360250,Zombie Frenzy,$0.99
1360310,TIGER GAME ASSETS LOGOTYPE VOL.19,$0.99
1360311,TIGER GAME ASSETS LOGOTYPE VOL.20,$0.99
1360312,TIGER GAME ASSETS LOGOTYPE VOL.21,$0.99
1360313,TIGER GAME ASSETS LOGOTYPE VOL.22,$0.99
1360314,TIGER GAME ASSETS LOGOTYPE VOL.23,$0.99
1360315,TIGER GAME ASSETS LOGOTYPE VOL.24,$0.99
1360316,TIGER GAME ASSETS LOGOTYPE VOL.25,$0.99
1360317,TIGER GAME ASSETS LOGOTYPE VOL.26,$0.99
1360318,TIGER GAME ASSETS LOGOTYPE VOL.27,$0.99
1360319,TIGER GAME ASSETS LOGOTYPE VOL.28,$0.99
1360320,TIGER GAME ASSETS FONT STYLES VOL.13,$0.99
1360321,TIGER GAME ASSETS FONT STYLES VOL.14,$0.99
1360322,TIGER GAME ASSETS FONT STYLES VOL.15,$0.99
1360323,TIGER GAME ASSETS FONT STYLES VOL.16,$0.99
1360324,TIGER GAME ASSETS FONT STYLES VOL.17,$0.99
1360325,TIGER GAME ASSETS FONT STYLES VOL.18,$0.99
1360326,TIGER GAME ASSETS FONT STYLES VOL.19,$0.99
1360327,TIGER GAME ASSETS FONT STYLES VOL.20,$0.99
1360328,TIGER GAME ASSETS FONT STYLES VOL.21,$0.99
1360329,TIGER GAME ASSETS FONT STYLES VOL.22,$0.99
1360330,TIGER GAME ASSETS FONT STYLES VOL.23,$0.99
1360331,TIGER GAME ASSETS FONT STYLES VOL.24,$0.99
1360332,TIGER GAME ASSETS FONT STYLES VOL.25,$0.99
1360333,TIGER GAME ASSETS FONT STYLES VOL.26,$0.99
1360334,TIGER GAME ASSETS FONT STYLES VOL.27,$0.99
1360340,TIGER GAME ASSETS LOGOTYPE VOL.01,$0.99
1360341,TIGER GAME ASSETS LOGOTYPE VOL.02,$0.99
1360342,TIGER GAME ASSETS LOGOTYPE VOL.03,$0.99
1360343,TIGER GAME ASSETS LOGOTYPE VOL.04,$0.99
1360344,TIGER GAME ASSETS LOGOTYPE VOL.05,$0.99
1360345,TIGER GAME ASSETS LOGOTYPE VOL.06,$0.99
1360346,TIGER GAME ASSETS LOGOTYPE VOL.07,$0.99
1178910,Hentai Quilm - Soundtrack + Artbook,$0.99
1178950,CarX Drift Racing Online - Halloween Sticker Pack,$0.99
1178310,Picross.io,$0.99
1178380,Resurrector,$0.99
1178690,Hyper-Casual Hentai,$0.99
1177900,Mahjong Dimensions 3D - Strategy One,$0.99
1178000,Ghost Dimension,$0.99
1178200,Somewhere inside,$0.99
1177300,Space zone defender,$0.99
1177490,Hovershift,$0.99
1177510,GASH,$0.99
1177560,Femdom Lines: Mistress Akira,$0.99
1177070,Highway Game,$0.99
1176616,WARRIORS OROCHI 4 Ultimate - Sacred Treasure `Garm`,$0.99
1176617,WARRIORS OROCHI 4 Ultimate - Sacred Treasure `World Tree Bident`,$0.99
1176618,WARRIORS OROCHI 4 Ultimate - Legendary Weapons OROCHI Pack 4,$0.99
1176850,GOOSE.IO,$0.99
1176440,Math The Question,$0.99
1176480,The City of Time,$0.99
1176540,Sunny Girl,$0.99
1175820,The Last Companion-Music&Art Collection,$0.99
1175970,Hibiscus Red,$0.99
1175990,Aircraft War: Car Wars,$0.99
1176090,Adventure Galaxy,$0.99
1176170,GIRLS BATTLEGROUNDS | ÊÄßÊÑüÂ§ßÈÄÉÊùÄ,$0.99
1175480,Shadowrain,$0.99
1174900,MiMiMiShKa,$0.99
1175030,Plunkocity,$0.99
1175180,Â¶àÂ¶àÔºåÂà´Ëµ∞,$0.99
1174810,Curse of the dungeon,$0.99
1174490,Space Carrot,$0.99
1174050,Uterine Supremacy,$0.99
1173560,The Flower on Christmas Eve Original Sound Track,$0.99
1173010,Flowers Blooming at the End of Summer,$0.99
1173080,Mahjong Dimensions 3D - Pets,$0.99
1173350,HENTAI CLIMBER,$0.99
1172500,Hang The Kings,$0.99
1172510,Unlock The King,$0.99
1172520,Colorgrid,$0.99
1172820,You Only Livez Twice,$0.99
1172850,Collector,$0.99
1172890,Lucy -The Eternity She Wished For- Classic Skin,$0.99
1172080,Anonymous Player,$0.99
1172220,Space Space,$0.99
1172390,Anime Tanks Arena,$0.99
1171590,Elevator VR - Zombies Expansion Pack,$0.99
1171591,Elevator VR - Humans Expansion Pack,$0.99
1171680,Mahjong Dimensions 3D - Fantasy Avatar Two,$0.99
1170543,Omega Labyrinth Life - Character Song: Mio,$0.99
1170544,Omega Labyrinth Life - Character Song: Nanami,$0.99
1170545,Omega Labyrinth Life - Character Song: Juri,$0.99
1170546,Omega Labyrinth Life - Character Song: Yurika,$0.99
1170547,Omega Labyrinth Life - Character Song: Nem,$0.99
1170548,Omega Labyrinth Life - Character Song: Pai,$0.99
1170320,Hentai energy: Halloween,$0.99
1170540,Omega Labyrinth Life - Character Song: Hinata,$0.99
1170542,Omega Labyrinth Life - Character Song: Mei,$0.99
1169880,Hentai Quilm,$0.99
1170030,Eye Of Plunder,$0.99
1170190,Bogatyr,$0.99
1169500,The Valley,$0.99
1169640,ÊúÄÂêéÁöÑÈò≥ÂÖâ The Last Sunshine,$0.99
1168970,Drunk ride,$0.99
1168990,Planet destroyer,$0.99
1169010,Dark Fairy Fantasy - Weapons and Armor Bundle,$0.99
1169030,Monophobia,$0.99
1169050,Language Worm,$0.99
1169090,Mahjong Dimensions 3D - Fantasy Avatar One,$0.99
1169180,ANIME - World War II - Nudity DLC (18+),$0.99
1169182,ANIME - World War II - NAZI Zombies,$0.99
1169230,R.U.B.Y.ÂØªÂ∏∏‰∫§ÁªáÁöÑÊó•Â∏∏,$0.99
1169320,CYBER FURRY GIRL - UPGRADE PACK üíù,$0.99
1169330,Dark Fairy Fantasy - Soundtrack,$0.99
1168660,Barro 2020,$0.99
1168170,HENTAI HORROR: The Eight Pictures,$0.99
1168190,Hentai Series,$0.99
1168320,Zombie valley,$0.99
1167880,Mutant Football League: Brawltimore Razors,$0.99
1167590,Dimensionality 3.5,$0.99
1167650,Context,$0.99
1166980,Hentai Nekogirl,$0.99
1167090,Desert coachman,$0.99
1166390,DRAW CHILLY - Meatbags 3k,$0.99
1166510,Nanoworld,$0.00
1166320,Hentai Shiri,$0.99
1165520,ÈªéÊòéÁîüÊú∫ÔºöÂêØÁ§∫ÂΩï-Survival:Revelation,$0.99
1165590,It Will Find You,$0.99
1165860,6.0,$0.99
1165280,Shuffle World,$0.99
1164780,Mahjong Dimensions 3D - Monster Avatar Two,$0.99
1164850,Sinking Simulator,$0.99
1164860,Darkour,$0.99
1165030,Mahjong Dimensions 3D - Monster Avatar Three,$0.99
1164350,Anime Otaku Girl ‰∫åÊ¨°ÂÖÉÂÆÖÂ•≥,$0.99
1164400,Mahjong Dimensions 3D - Monster Avatar One,$0.99
1164440,Extreme Offroad Monster Simulator,$0.99
1164470,[MISC] TIMELINES,$0.99
1163650,Mahjong Dimensions 3D - Warrior Avatar Two,$0.99
1164020,Iron Sun,$0.99
1163310,Mahjong Dimensions 3D - Warrior Avatar One,$0.99
1163320,Zombie horde,$0.99
1163460,Daenerys doesn‚Äôt want Hentai,$0.99
1163520,WAIFU HELL - Nudity DLC (18+),$0.99
1162452,Â•áÂπª‰∏éÁ†çÊùÄ2-Ââç‰ª£ÈÅóÁâ©,$0.99
1162310,Drift Masters,$0.99
1162440,Explosive Jake,$0.99
1162450,Â•áÂπª‰∏éÁ†çÊùÄ2-‰∏áËÉΩÂú£ÊùØ,$0.99
1162451,Â•áÂπª‰∏éÁ†çÊùÄ2-È¢ùÂ§ñÂΩ¢Ë±°,$0.99
1161610,Phantom 3D Map Pack I,$0.99
1161670,Crash The Game,$0.99
1161680,Bomb Bowling 2,$0.49
1197040,Memory Match Saga - Expansion Pack 3,$0.99
1197050,TAL: Wizard's Adventures - Soundtrack,$0.99
1197210,HentaiTeachers,$0.99
1197250,Spellinkers OST,$0.99
1197340,Dead territory,$0.00
1197380,Flashover MegaSector,$0.99
1196700,Memory Match Saga - Expansion Pack 2,$0.99
1196710,H-SNIPER: Middle East - Nudity DLC (18+),$0.99
1196190,KUMO The Little Robot,$0.99
1196220,Memory Match Saga - Expansion Pack 1,$0.99
1196520,The Secret of Hutton Grammar School,$0.99
1195870,Èõ∂ÁïåÊàòÁ∫ø,$0.99
1195430,Fight High,$0.99
1195450,HABITKING RPG,$0.99
1195170,Rebound Ball,$0.99
1195250,Gateball VR,$0.99
1194560,ÂçïË∫´ÁãóÁöÑÊúÄÂêéÊú∫‰ºö,$0.99
1194021,Loop-Loop DX: Supporter Pack,$0.99
1194070,Context - Dress Up Content Pack,$0.99
1193490,A Crooked Heart,$0.99
1193600,Meandering Fiend,$0.99
1193780,Tower Climb,$0.99
1193830,Jeremiah,$0.99
1193890,FURRY GIRL PUZZLE - LUXE PACKüíù,$0.99
1193320,Nyanco Channel - Dream Pack,$0.99
1193350,ÁîüÁâ©Áü•ËØÜÊ†ºÊñóÂ§ßËµõ,$0.99
1193390,Wurroom - Support the Developer!,$0.99
1193420,The Dis-United States Of America,$0.99
1192580,Nyanco Dream,$0.99
1192730,ADULT SHERIFF,$0.99
1192860,Winter Snow | ÂÜ¨Èõ™,$0.99
1192890,Shoot Them,$0.99
1192070,TriangleStorm,$0.99
1192310,Kawaii girls puzzle,$0.99
1192370,Grudge TV - Armor Pack Season One,$0.99
1192371,Grudge TV - Pet Pack Season One,$0.99
1192410,Room Escape '1053',$1.00
1191650,Time Travel Trainer,$0.99
1191770,Ê∑∑‰∏ñËêåÁéãÂñµÈú∏Èú∏ Cute Chaos Demon Nyanbaba,$0.99
1191820,Spot The Differences 2020 | Â§ßÂÆ∂Êù•ÊâæËå¨ 2020,$0.99
1191060,Wasteland 3 - Colorado Survival Gear,$0.99
1191100,Hentai Waifu,$0.99
1191210,Seek Girl ‚Ö¢,$0.99
1191450,Plasmoid,$0.00
1190590,Ice Cream Fantasy - Ecchi Game,$0.99
1190820,Booobjz,$0.99
1190990,Colormeleons,$0.99
1190110,HENTAI SNIPER: Middle East,$0.99
1190330,Tip Jar Ship,$0.99
1190380,Race Race Racer,$0.99
1190410,Crazy city,$0.99
1189360,Art of Beauties,$0.99
1189390,Pixel Art Monster - Expansion Pack 14,$0.99
1189460,ClickCells: Office Lady,$0.99
1188660,World of relish,$0.99
1189040,Smart Girl : Christmas,$0.99
1188500,Cuties Dungeon - Soundtrack,$0.99
1188000,Pulstario,$0.99
1188070,BreadHead Adventure,$0.99
1188250,GLOWCOMA: chapter 1,$0.99
1187620,Hentai Pazu,$0.99
1187850,Fairies vs Bugs,$0.99
1187360,Reversion 3 - Soundtrack,$0.99
1187420,Hasfax,$0.99
1187040,Banter Schooldays!!Â∞âËøüËØ≠Â´£‰∏™‰∫∫Á∫øÁâπÂà´‰∫ã‰ª∂,$0.99
1187060,Banter Schooldays!!ÁîµÂ≠êËÆæÂÆöÈõÜ,$0.99
1186680,Maximum Momentum,$0.99
1186730,Terro Lunkka Adventures,$0.99
1186760,Robot Boy,$0.99
1185570,Stickman go,$0.99
1185690,MiMiMiShKa - Soundtrack,$0.99
1185710,MiMiMiShKa - Artbook 18+,$0.99
1185730,Lovely Hentai,$0.99
1185760,Lovely Hentai - Soundtrack + Artbook,$0.99
1185270,ÁªèÂÖ∏Êâ´Èõ∑,$0.99
1185390,How to Become a Ninja: Part 1,$0.99
1185480,Doom of the Clawn,$0.99
1185500,Mega Balls,$0.99
1184971,ShiningCity - Reward 1,$0.99
1184590,CubeHub,$0.99
1184690,Uncensored DLC for MiMiMiShKa,$0.99
1184710,Cosmo story,$0.99
1184780,BOTS,$0.99
1184090,Belly Dance Girl,$0.99
1184130,LoliTower - OST,$0.99
1184270,Zombie Panic In Wonderland Soundtrack,$0.99
1184310,Slippery Sausage,$0.99
1183650,PM-1 Inverse Universe,$0.99
1183140,Planet Lander,$0.99
1183340,[it's possible] Soundtrack by Jordan Gardner,$0.99
1182590,Hueor,$0.99
1182760,Starlight,$0.99
1182120,Strangers of the Power 2 - Forgotten Evil,$0.99
1182400,Monster Energy Supercross 3 - Neckbrace Pack,$0.99
1182080,Ê¢¶ÂπªÁ≥ñÊûú,$0.99
1181220,aMAZE Gears 2,$0.00
1181230,Zeliria Sanctuary - Isley's Memories,$0.99
1181270,God of Gym,$0.99
1181290,Aria Dating Simulator,$0.99
1180820,Escape!,$0.99
1180910,Anime Tanks Arena - Nudity Mode,$0.99
1180940,Spellinkers,$0.99
1181010,PUT IN BAD,$0.99
1180610,Np Problems: Vertex Coloring,$0.99
1180690,Spaceman,$0.99
1179880,Maverick,$0.99
1179950,HENTAI HORROR: The Eight Pictures - Nudity DLC (18+),$0.99
1180030,Wardwell House,$0.99
1180170,Hentai Halloween - Soundtrack,$0.99
1180180,Hentai Halloween - Artbook 18+,$0.99
1180190,Call of VII,$0.99
1180210,Super Rhythm Duel,$0.99
1179520,Furry Shakespeare: Winter's Tale,$0.99
1179530,KAJAÔºöËøΩÂÖâËÄÖ‰∏éÁßòÂ¢ÉÂà∂ÈÄ†,$0.99
1179540,Sweet Thomas,$0.99
1179560,Gachi Heroes 2: Flexboll,$0.99
1179340,K≈çmori Fruit Rush,$0.99
1211160,Catch Your Kitty,$0.99
1211205,Monster Hunter World: Iceborne - MHW:I Music Player: Raccoon City Collaboration - Black Impact,$0.99
1210570,Rocket Ghost Aidan,$0.99
1210640,Xylith,$0.99
1210830,labyrinth,$0.99
1209600,Mineirinho Hoversurf DC,$0.99
1209620,Paperball - Special Stage Pack 1,$0.99
1209621,Paperball - Special Stage Pack 2,$0.99
1209641,FURRY GIRL PUZZLE - CHRISTMAS PLUSüíù,$0.99
1209740,Coloniam,$0.99
1209520,Smart Moves,$0.49
1208850,Kanojo x Switch,$0.99
1209060,Cowboy,$0.99
1209080,Defense And Revenge,$0.99
1208240,Reach Coin,$0.99
1208260,Hentai Vs Furries,$0.99
1208440,Skirmish Line - Top Brass,$0.99
1208470,Foxfall,$0.99
1208510,Kingdom Warrior,$0.99
1207330,Context - Strength Training Content Pack,$0.99
1207430,Feria d'Arles - Soundtrack,$0.99
1207210,ÂºÇÈÇ¶‰∫∫-The foreigner,$0.99
1207260,FlickerMAZE,$0.99
1206540,LET IT DIE -(Special)10 Death Metals- 014,$0.99
1206660,Monster Capture King,$0.99
1206700,–í–ó–õ–û–ú –ñ–û–ü–´,$0.99
1206821,Hentai Mosaique Neko Waifus Arts,$0.99
1206870,Pinball universe,$0.00
1206900,Physical Glitch,$0.99
1206160,Photo Quiz - 3 Letter Words,$0.99
1206270,Wrecker,$0.99
1206460,HENTAI SHERIFF - Nudity DLC (18+),$0.99
1205800,Hexon,$0.99
1205890,Shoot Them - Extra,$0.99
1205650,I Have Powers!,$0.99
1205250,Toy Killer,$0.99
1205380,ANIME REDEMPTION - Nudity DLC (18+),$0.99
1204780,Hotaru,$0.99
1204830,Tunnel Vision,$0.99
1205020,Jack troubles,$0.99
1205060,Rock Paper Scissors Simulator,$0.99
1204220,Mommy,$0.99
1204270,New Year's Eve 2020,$0.99
1204330,Fightto the last,$0.99
1204400,Context - Nude Male Wrestlers Content Pack,$0.99
1204490,Ê≠¶ÂÑíÁªòÂç∑ - ÂêØÁ§∫ÂΩï,$0.99
1204500,Bryce's Movement Engine¬π Soundtrack,$0.99
1204590,Hasfax - Soundtrack,$0.99
1203810,Slay The Bigies,$0.99
1203850,Infection,$0.99
1203240,Remember,$0.99
1203310,Tiles Shooter Puzzle Cube,$0.99
1203430,Rescuers2019,$0.99
1203460,Koo & Yuu,$0.99
1203570,HexON,$0.99
1202420,Moves,$0.99
1202640,Hentai Tights,$0.99
1202070,Gachi Revenge,$0.99
1202160,Choco Pixel,$0.00
1202240,Fighters Wizards,$0.99
1201800,Knight Swap 2,$0.99
1201810,Unlock The King 2,$0.99
1201840,MAN STANDING,$0.99
1201200,Mouse Mayhem Shooting & Racing,$0.99
1201250,Ninja Run,$0.99
1201260,Happy Engine,$0.99
1201450,Easy Hentai,$0.99
1201510,Easy Hentai - Soundtrack + Artbook,$0.99
1201530,aBANdon02,$0.99
1201630,Mineirinho Director's Cut,$0.99
1200820,Memory Match Saga - Expansion Pack 12,$0.99
1200830,Memory Match Saga - Expansion Pack 13,$0.99
1200910,Pet Chan,$0.99
1200940,Memory Match Saga - Expansion Pack 14,$0.99
1201010,Memory Match Saga - Expansion Pack 15,$0.99
1201030,Basement - Original Soundtrack,$0.99
1200450,HELLO PLAYER,$0.99
1200470,Memory Match Saga - Expansion Pack 11,$0.99
1199920,Memory Match Saga - Expansion Pack 10,$0.99
1199930,Prens Cavid The Game,$0.99
1200120,Armorgeddon,$0.99
1200140,4X4 OFF-ROAD CHALLENGE,$0.99
1199580,Memory Match Saga - Expansion Pack 8,$0.99
1199590,Cyber Pussy 2020 - Soundtracks,$0.99
1199670,Memory Match Saga - Expansion Pack 9,$0.99
1199740,Pi√±ata Attack,$0.99
1199150,Raccoon: The Orc Invasion,$0.99
1199170,Gravity Escape From The Maze,$0.99
1199450,Dark Raider,$0.99
1198860,Snowballs,$0.99
1198560,Memory Match Saga - Expansion Pack 7,$0.99
1198570,The Amazing T.K's Suburban Nightmares,$0.99
1198700,Chained: A Victorian Nightmare,$0.99
1198730,Hentai Police,$0.99
1198180,Bullet Girls Phantasia - Support Character: Yurina Kanezono,$0.99
1198181,Bullet Girls Phantasia - Support Character: Remi Kishino,$0.99
1198182,Bullet Girls Phantasia - Support Character: Tsukiyo Takanashi,$0.99
1198183,Bullet Girls Phantasia - Support Character: Saki Amamine,$0.99
1198184,Bullet Girls Phantasia - Support Character: Minagi Kamishiro,$0.99
1198185,Bullet Girls Phantasia - Support Character: Aki Saotome,$0.99
1198186,Bullet Girls Phantasia - Support Character: Mai Doiuchi,$0.99
1198187,Bullet Girls Phantasia - Support Character: Silvia Hortensie,$0.99
1198188,Bullet Girls Phantasia - Support Character: Sarria Violette,$0.99
1198189,Bullet Girls Phantasia - Support Character: Hardina Crescent,$0.99
1198190,Bullet Girls Phantasia - Support Character: Faren Sealwinde,$0.99
1198191,Bullet Girls Phantasia - Support Character: Merrina Iris,$0.99
1198192,Bullet Girls Phantasia - Support Character: Ladoria Sealwinde,$0.99
1198350,Memory Match Saga - Expansion Pack 6,$0.99
1198390,Kawaii Girl,$0.99
1197960,Gravity Balls,$0.99
1197970,Memory Match Saga - Expansion Pack 4,$0.99
1197990,Shoot push portals,$0.99
1198010,Memory Match Saga - Expansion Pack 5,$0.99
1096940,Dream Ending - Drama,$0.99
1096000,Too White Basketball,$0.99
1096010,Hentai Sudoku,$0.99
1096070,Nelly Cootalot: The Fowl Fleet - Artbook,$0.49
1096240,7 Lives,$0.99
1096290,Real Man Got 100,$0.99
1096320,The Nine Lives of Nim: Fortune's Fool Original Soundtrack,$0.99
1096321,The Nine Lives of Nim: Fortune's Fool Digital Artbook,$0.99
1095610,JustN,$0.99
1095650,Island 1979,$0.99
1095690,Furries & Scalies & Bears OH MY!: Charity Bonus DLC,$0.99
1095720,Lost - Soundtrack,$0.99
1095460,Neko Match,$0.99
1095540,Âéü‰Ωì,$0.99
1095550,Pumpkin Dog Islands,$0.99
1094860,Developer Pack,$0.99
1094890,Nelly Cootalot: Spoonbeaks Ahoy! Artbook,$0.49
1094190,ÊïÖÈÉ∑„Çí„Åï„Åå„Åô‰∏âÂßâÂ¶π/ The Three Sisters looking for their back home.,$0.99
1094290,ÂπªÊÉ≥ÂºÇ‰π°Êõ≤ Butterfly~Rin,$0.99
1093920,ORTHOISO,$0.99
1093190,The Outlaw The Drunk & The Whore- OST,$0.99
1092890,Furry Shakespeare: Charity DLC Bonus,$0.99
1092210,Hentai House,$0.99
1091910,PonGlow,$0.99
1091940,Game Of Puzzles: Furry,$0.99
1092060,Hiscores! Gold,$0.99
1092080,Pet Puzzle,$0.99
1091200,Girl X,$0.99
1091210,Kissing Simulator,$0.99
1091270,Frequency Garden,$0.99
1091350,Valley Run,$0.99
1091380,Dain Squares,$0.99
1091420,DLC-Áå´Â®òËßíËâ≤,$0.99
1091430,DLC-ÂØå‰∫∫ÈÅó‰∫ß,$0.99
1091450,DLC-Â•áÂ¶ôÂ∞èÂ±ã,$0.99
1091470,Put In - Run Out,$0.99
1091520,È∏øÈó®‰∏ÄÂÆ¥(Malicious Dinner),$0.99
1091150,Coloring Pixels - Flowers Pack,$0.99
1090560,Ë¥´Á©∑Â∞ëÂπ¥‰∏éÊ†°Âõ≠Âêç‰∫∫ÁöÑÁîüÊ≠ªÂØπÂÜ≥,$0.99
1090580,Gamehunt,$0.99
1090210,Hentai Maido,$0.59
1090320,GG Puzzler - Soundtrack,$0.99
1089520,Nigel: The Minuscule Adventure,$0.99
1089600,LYSER,$0.99
1089760,Mini Transport,$0.99
1089281,Furry Shakespeare: Dashing Dinosaurs & Sexy Centaurs Charity Scene Pack,$0.99
1089300,The Ghost of Joe Papp 101 Ways to Kill Writer's Block: Shakespeare's Charity,$0.99
1089330,Life Hutch VR,$0.99
1088960,PsycoCat,$0.99
1089100,Power Block,$0.99
1089140,Stroke Fill,$0.99
1088590,love love love,$0.99
1088600,Space Mercs,$0.99
1088800,Horror Ville Maze Escape,$0.99
1088820,The Food Run - Extra 64 Levels DLC,$0.99
1088880,–ü–∞—Ü–∞–Ω—Å–∫–∏–π —Ü–∏—Ç–∞—Ç–Ω–∏–∫ / Russian Test,$0.99
1088440,The Panel DC,$0.99
1088450,‰∫∫Èó¥-OST,$0.99
1087770,Card Throw VR,$0.99
1087800,Arranged,$0.99
1088080,Nevrosa: Spider Song ‚Äî Support Developers DLC,$0.99
1086920,Gallery in a Box,$0.99
1086930,ÈìÅÈÅìÁâ©ËØ≠ÔºöÈôÜÁéã - ‰∫¨‰πãÂõΩÂêçÂüéBGMÂêàËæë,$0.99
1087011,Hentai Waifu II - Original Soundtrack,$0.99
1087040,Alien invasion,$0.99
1086450,Oik Memory: Endgame,$0.99
1086490,First Customer,$0.90
1086070,HOT VIEW ECCHI GIRLS,$0.99
1086140,Weaving,$0.99
1085610,Love Hentai: Fap Fast Die Young,$0.99
1085640,Hentai Waifu II,$0.99
1085740,EILF - Park Pack,$0.99
1085790,Forever Someday,$0.99
1085820,Au fil de l'eau,$0.99
1085960,Dinosaur Shakespeare: Oedipus T-Rex,$0.99
1085210,Fruit Mess,$0.99
1085230,zumoubattoru,$0.99
1085240,Park assault,$0.99
1085270,Fat Prisoner Simulator 2,$0.99
1085320,Hentai DLC for HentaiNYA,$0.99
1085360,Continuum - Original Soundtrack,$0.99
1085550,Simple Dot Soundtrack,$0.99
1085560,Hentai energy II,$0.99
1084770,Gregor Hills Haunted Hospital,$0.99
1084810,Awesome Jazz Clicker,$0.99
1084880,Ritbone,$0.99
1084930,Sack of Bots,$0.99
1084960,PUZZLE: ULTIMATE - Puzzle Pack: DOGS,$0.99
1084360,Mister Burnhouse,$0.99
1084410,EILF - Quest Pack,$0.99
1083990,Yume Puzzle,$0.99
1083210,Á¨¶ÊñáÂ•≥Â≠©/Rune Girl,$0.99
1083270,HeroOfMetal-Episode01,$0.99
1083340,EILF - Alchemy Pack,$0.99
1083410,Coast team,$0.99
1083450,Tricky Fox,$0.99
1082780,ADM 2(WHEN WORLDS COLLIDE),$0.99
1083000,The Last Town,$0.99
1082440,hack.88,$0.99
1082490,Hentai Girls: Christmas,$0.99
1082571,Super Neptunia RPG - Dengeki Bracelet Set,$0.99
1082572,Super Neptunia RPG - Dengeki Accessory Set,$0.99
1082573,Super Neptunia RPG - Famitsu Weapon Set,$0.99
1082574,Super Neptunia RPG - Enchanted Weapon Set,$0.99
1082575,Super Neptunia RPG - [Cosplay Series] Equipment Set,$0.99
1082576,Super Neptunia RPG - [Foreign Series] Equipment Set,$0.99
1082577,Super Neptunia RPG - [Traditional Series] Equipment Set,$0.99
1082578,Super Neptunia RPG - [Enchanted Series] Equipment Set,$0.99
1082650,Link the animals,$0.99
1082050,Nya Nya Nya Girls 2 ( ª ª ª)_(=^ÔΩ•œâÔΩ•^=)_( ª ª ª) - Artbook 18+,$0.99
1082070,Nya Nya Nya Girls 2 ( ª ª ª)_(=^ÔΩ•œâÔΩ•^=)_( ª ª ª) - Soundtrack,$0.99
1082110,HentaiNYA,$0.99
1082300,HentaiNYA - Artbook 18+,$0.99
1082310,HentaiNYA - Soundtrack,$0.99
1082320,Hentai Sweet Girls - Artbook 18+,$0.99
1082330,Hentai Sweet Girls - Soundtrack,$0.99
1081720,Robo Run,$0.99
1082040,Nya Nya Nya Girls ( ª ª ª)_(=^ÔΩ•œâÔΩ•^=)_( ª ª ª) - Artbook 18+,$0.99
1081170,STRASHILKA,$0.99
1081260,Crisis of the Middle Ages,$0.99
1081320,Aura,$0.99
1081340,Aliens and Umbrellas,$0.99
1081350,Master Cube,$0.99
1081550,Caliper 2,$0.99
1080710,Elemental Girls - Artbook 18+,$0.99
1080720,Elemental Girls Soundtrack,$0.99
1081020,Blockus' Adventures,$0.99
1080320,Boobs Saga - Art and Video pack,$0.99
1080330,Super Mega Space Blaster Special,$0.99
1080420,Nyasha - Artbook 18+,$0.99
1080430,Nyasha Soundtrack,$0.99
1080460,Sicier's Zweck: Original Soundtrack,$0.99
1079690,EILF - Six in a Row Pack,$0.99
1079710,Dark Fantasy 2: Artwork and OST,$0.99
1079880,Princess's Peak - adult pack,$0.99
1079920,Hentai DLC for Elemental Girls,$0.99
1079930,YGGDRASIL JIGSAW PUZZLE - NATURE,$0.99
1359820,The Place I Called Home,$0.99
1359870,VEGTERIA,$0.99
1359880,Krum - Battle Arena - Yatur Warrior Skin,$0.99
1359910,Mad Mosh,$0.99
1359990,False Dichotomy,$0.99
1360120,Retro CommanderVideo,$0.99
1359450,Choco Pixel 7,$0.00
1358990,Space Shooter,$0.99
1358680,[Ghost in the pool] Game Soundtracks,$0.99
1357750,Box Factory,$0.99
1356900,‰∏úÊñπÂ§ßÊ¥æÂØπ,$0.99
1357230,Color Buster!,$0.99
1356880,Factory of Sweets,$0.99
1356890,Dangerous Zone,$0.99
1356370,TIGER GAME ASSETS FONT STYLES VOL.11,$0.99
1356371,TIGER GAME ASSETS FONT STYLES VOL.12,$0.99
1355750,TIGER GAME ASSETS ROGUELIKE CAVE PACK VOL.07,$0.99
1355751,TIGER GAME ASSETS ROGUELIKE CAVE PACK VOL.08,$0.99
1355752,TIGER GAME ASSETS ROGUELIKE CAVE PACK VOL.09,$0.99
1355753,TIGER GAME ASSETS ROGUELIKE CAVE PACK VOL.10,$0.99
1355754,TIGER GAME ASSETS ROGUELIKE CAVE PACK VOL.11,$0.99
1355830,Return to Earth 2130,$0.99
1355840,animARide,$0.99
1355850,TIGER GAME ASSETS FONT STYLES VOL.01,$0.99
1355851,TIGER GAME ASSETS FONT STYLES VOL.02,$0.99
1355852,TIGER GAME ASSETS FONT STYLES VOL.03,$0.99
1355853,TIGER GAME ASSETS FONT STYLES VOL.04,$0.99
1355854,TIGER GAME ASSETS FONT STYLES VOL.05,$0.99
1355855,TIGER GAME ASSETS FONT STYLES VOL.06,$0.99
1355856,TIGER GAME ASSETS FONT STYLES VOL.07,$0.99
1355857,TIGER GAME ASSETS FONT STYLES VOL.08,$0.99
1355858,TIGER GAME ASSETS FONT STYLES VOL.09,$0.99
1355859,TIGER GAME ASSETS FONT STYLES VOL.10,$0.99
1355910,Wolf Territory,$0.99
1355980,Minimal Maze,$0.99
1355290,ÌöåÏÇ¨ ÌÇ§Ïö∞Í∏∞,$0.99
1355400,The Line,$0.99
1355410,Five Steps From Hell,$0.99
1355470,The importance of choosing: second chance,$0.99
1354560,TIGER GAME ASSETS ROGUELIKE CAVE PACK VOL.01,$0.99
1354561,TIGER GAME ASSETS ROGUELIKE CAVE PACK VOL.02,$0.99
1354630,TIGER GAME ASSETS ROGUELIKE CAVE PACK VOL.03,$0.99
1354631,TIGER GAME ASSETS ROGUELIKE CAVE PACK VOL.04,$0.99
1354740,TIGER GAME ASSETS ROGUELIKE CAVE PACK VOL.05,$0.99
1354741,TIGER GAME ASSETS ROGUELIKE CAVE PACK VOL.06,$0.99
1354220,Furry Nya - Artbook 18+,$0.99
1354280,Furry Woof - Artbook 18+,$0.99
1354290,Bloodway Infinity - Soundtrack,$0.99
1354310,COLOR DEFENSE - FANTASY ENEMIES SKIN 1,$0.99
1354312,COLOR DEFENSE - FUNNY ENEMIES SKIN 1,$0.99
1353660,Next Earth: The Journey Trilogy‚Ñ¢,$0.99
1353700,TIGER GAME ASSETS ROGUELIKE INDOOR PACK VOL.01,$0.99
1353701,TIGER GAME ASSETS ROGUELIKE INDOOR PACK VOL.02,$0.99
1353780,TIGER GAME ASSETS ROGUELIKE INDOOR PACK VOL.03,$0.99
1353840,TIGER GAME ASSETS ROGUELIKE INDOOR PACK VOL.04,$0.99
1353110,TIGER GAME ASSETS BASIC PHYSIC OBJECT 02,$0.99
1352581,Coloring Pixels - Marine Life Pack,$0.99
1352582,Coloring Pixels - Halloween 2 Pack,$0.99
1352583,Coloring Pixels - Dinosaurs Pack,$0.99
1352584,Coloring Pixels - Vistas 2 Pack,$0.99
1352585,Coloring Pixels - Advent 2 Pack,$0.99
1352590,Requiem Aeternam Eden,$0.99
1352660,PUFIWEHO,$0.99
1352780,TIGER GAME ASSETS ALIENS FACE,$0.99
1352880,TIGER GAME ASSETS BASIC PHYSIC OBJECT,$0.99
1352300,Jubeez,$0.99
1352320,Item Collector - Loot,$0.99
1352580,Coloring Pixels - Safari Pack,$0.99
1351650,No Cure,$0.99
1351830,Hentai Waifu 101,$0.99
1352010,Cursed Mummies,$0.99
1352040,Fury Captain,$0.99
1351290,AccidentHouse,$0.99
1351320,Item Collector - Trophy,$0.99
1351230,TIGER GAME ASSETS MEDALS,$0.99
1350300,PURRfection!  The cat tossing game!!,$0.99
1350340,Simp Simulator,$0.99
1350400,Item Collector - Necromancer,$0.99
1350480,Robotic Learn,$0.99
1350500,Last Memory,$0.99
1349940,Hardbass Clicker,$0.99
1349700,3D Hentai Checkers - Additional Girls 1,$0.99
1349740,First Floor,$0.99
1349790,CORGIX,$0.99
1349180,Furries & Scalies & Bears OH MY!: NSFW for Chairty,$0.99
1349350,Item Collector - Witch Craft,$0.99
1349390,Sweet Love,$0.99
1348740,3D Hentai Blackjack - Additional Girls 1,$0.99
1348880,Restricted Area,$0.99
1348990,Button Lock,$0.99
1349000,Jigsaw Puzzle Animals,$0.99
1349030,Innocent Girl,$0.99
1349040,Furry Love 2,$0.99
1349070,Rollfall: Quest of Acceleration,$0.99
1348160,Turn on the light,$0.99
1348240,Snow Trail,$0.99
1348430,Chicken Bomb,$0.99
1348600,2048 art,$0.99
1347880,Beholder's Lair,$0.99
1347980,Item Collector - Prehistoric Age,$0.99
1347370,TIGER GAME ASSETS TOGGLE SWITCH,$0.99
1346880,Midsummer Night Soundtrack,$0.99
1346920,TIGER GAME ASSETS RADIO BUTTONS,$0.99
1347010,Dim Glow,$0.99
1347100,Item Collector - Barbarian,$0.99
1347170,Analog Party Sim,$0.99
1346420,Transpire,$0.99
1346660,Â∏¶ÊëÑÂΩ±Â∏à,$0.99
1346820,TIGER GAME ASSETS CHECK BOX,$0.99
1345920,TIGER GAME ASSETS TXTBOX WHITE,$0.99
1345970,Carrier Trail Soundtrack,$0.99
1346120,My Lil Horror,$0.99
1346160,Carrier Trail - Artwork,$0.99
1345620,TIGER GAME ASSETS TXTBOX BLACK,$0.99
1345830,Ëø∑ÂÆ´ÔºöÊ∂àÁÅ≠Êú∫Âô®‰∫∫,$0.99
1111790,Hentai Mosaique Vip Room Arts R18,$0.99
1111880,Block Granny Horror,$0.99
1111340,Dream Jump Adventure,$0.99
1110870,Alien Shooter in Space Cradle - Virtual Reality,$0.99
1111030,Hentai Bad Girls,$0.99
1111100,Oasis Shooting Ops,$0.99
1111170,Hentai Bad Girls - Artbook 18+,$0.99
1111180,Hentai Bad Girls - Soundtrack,$0.99
1110520,Witches Brew - Selene Dakimakura,$0.99
1110521,Witches Brew - Ophelia Dakimakura,$0.99
1110522,Witches Brew - Morgan Dakimakura,$0.99
1110523,Witches Brew - Ellie Dakimakura,$0.99
1110524,Witches Brew - Carolyn Dakimakura,$0.99
1110525,Witches Brew - Emoticons,$0.99
1110526,Witches Brew - Yuuna Dakimakura,$0.99
1110527,Witches Brew - Caitlyn Dakimakura,$0.99
1110528,Witches Brew - Brienne Dakimakura,$0.99
1110529,Witches Brew - Alethia Dakimakura,$0.99
1110840,KEIKA - A Puzzle Adventure,$0.99
1110350,fishman,$0.99
1110490,LAB Defence,$0.99
1109740,Kakuro,$0.99
1109920,My Happy Girls - Artbook 18+,$0.99
1109930,My Happy Girls - Soundtrack,$0.99
1110090,Cyber-Ante,$0.99
1109310,Expansion,$0.99
1109330,Boobs vs Zombies - Wallpapers,$0.99
1109331,Boobs vs Zombies - Hintbook,$0.99
1109650,Hentai Girls Mosaic,$0.99
1109700,Last warrior,$0.99
1109240,Pixel Art Monster - Expansion Pack 3,$0.99
1109280,Back To Hell,$0.99
1108380,Highlight,$0.99
1108530,PUZZLE: OCEAN - Puzzle Pack: FISH PACK,$0.99
1108540,Zen Chess: Champion's Moves,$0.99
1108550,Zen Chess: Blindfold Masters,$0.99
1107950,Kiku Wallpaper Launcher,$0.99
1108090,Climb With Wheelbarrow,$0.99
1107580,mAIn COMPetition,$0.99
1107640,Turbo Plane,$0.99
1107660,Round Rooms,$0.99
1106980,Bulletorium,$0.99
1107090,Critical Compendium - Donation DLC,$0.99
1107100,Second Final,$0.99
1107440,Last Warrior,$0.99
1106730,Paradox Escape Route,$0.99
1106790,Red Horizon,$0.99
1106920,Nyanco,$0.99
1106231,EARTH DEFENSE FORCE: IRON RAIN Welding Mask,$0.99
1106233,EARTH DEFENSE FORCE: IRON RAIN Anarchy Helm,$0.99
1106234,EARTH DEFENSE FORCE: IRON RAIN - Creation parts: T-Shirt: EARTH DEFENSE FORCE: IRON RAIN,$0.99
1106250,EARTH DEFENSE FORCE: IRON RAIN - Creation parts: Tank Top 'Riho Futaba',$0.99
1106251,EARTH DEFENSE FORCE: IRON RAIN Cyber Goggles,$0.99
1106290,EARTH DEFENSE FORCE: IRON RAIN Superhero Mask,$0.99
1106321,EARTH DEFENSE FORCE: IRON RAIN - Creation parts: T-Shirt: EDF4.1 Symbol,$0.99
1106360,EARTH DEFENSE FORCE: IRON RAIN - Creation parts: T-Shirt: EDF5 Symbol,$0.99
1106362,EARTH DEFENSE FORCE: IRON RAIN - Creation parts: T-Shirt: Bullet Girls Phantasia,$0.99
1106363,EARTH DEFENSE FORCE: IRON RAIN - Creation parts: T-Shirt:  Dream C Club ZERO,$0.99
1106370,EARTH DEFENSE FORCE: IRON RAIN - Creation parts: T-Shirt: SG/ZH,$0.99
1106371,EARTH DEFENSE FORCE: IRON RAIN - Creation parts: T-Shirt:  HappyManager,$0.99
1106380,EARTH DEFENSE FORCE: IRON RAIN - Creation parts: Tank Top: Natsuiro High School,$0.99
1106451,EARTH DEFENSE FORCE: IRON RAIN Tactical Mask Bundle,$0.99
1106452,EARTH DEFENSE FORCE: IRON RAIN HMD,$0.99
1106013,ItazuraVR - Glasses,$0.99
1106023,ItazuraVR SfW - Glasses,$0.99
1106120,Dawn Of The Lost Castle -ArtBook,$0.99
1105490,Over Sky,$0.99
1105730,HANGMAN,$0.99
1105220,Infinity Attackers,$0.99
1104910,Midnight Grub Session,$0.99
1105030,Voltage Graphic Novel,$0.99
1104220,Kyle Simulator,$0.99
1104230,The Last Escape of Yeti,$0.99
1104250,Poly Mole,$0.99
1103742,DFF NT: Platinum Fists Tifa Lockhart's 4th Weapon,$0.99
1103752,DFF NT: Omega Samurai Blade Zenos yae Galvus's 4th Weapon,$0.99
1103810,My Happy Girls,$0.99
1103870,Space Dance,$0.99
1103930,Shrine of the God-Ape,$0.99
1104100,Hentai Cuties,$0.99
1103540,Stupid Bat,$0.99
1103650,Commando Dog,$0.99
1103680,Bugs Must Die Soundtrack,$0.99
1103710,EARTH DEFENSE FORCE: IRON RAIN Energy Gems & Credits Type31500,$0.99
1102890,Square Norm,$0.99
1103240,Elf Enchanter: Arousing Anima - Soundtrack,$0.99
1102390,Neckbeardia,$0.99
1102520,The Life Of Greather: Audio Pack,$0.99
1102540,Naughty Girl - Original Soundtrack,$0.99
1102680,Ash Asylum,$0.99
1102740,Going Up?,$0.99
1102750,Zorg The Typing Warrior,$0.99
1101850,reD:Ëµ∑ÂßãÁöÑÊóãËΩ¨‰πãÈü≥,$0.99
1102260,RANK RUNNER,$0.99
1101450,Miss Neko,$0.99
1101760,CRAZY DRIVER,$0.99
1101800,10mg: Always Down,$0.99
1101220,Anticorps VR,$0.99
1100050,Perfect,$0.99
1100330,PUZZLE: ULTIMATE - Puzzle Pack: VALLEY,$0.99
1099840,1000$,$0.99
1099960,Mini Tone,$0.69
1099330,12 HOURS - OST,$0.99
1099530,Hentai exotica,$0.99
1098870,Metro Explosion Simulator,$0.99
1098990,Cream Me,$0.99
1099130,Papercraft:Riddle Mode stages pack (Ë∞úÈ¢òÊ®°ÂºèÂÖ≥Âç°),$0.99
1098440,Spider shooting bee,$0.99
1098530,ZorroMoro,$0.99
1098540,Monsters sandbox,$0.99
1098660,NEKOPUGI,$0.99
1098680,Rose Garden at the World's End,$0.99
1097900,Everything is Mayo,$0.99
1098230,Eidolon adventure,$0.99
1097520,Hentai Demon,$0.99
1097650,Insectipede,$0.99
1124430,The Adventures of Sullivan,$0.99
1124540,Coloring Pixels - Variety Pack,$0.99
1124541,Coloring Pixels - Isometric Pack,$0.99
1124590,PUZZLE: ULTIMATE - Puzzle Pack: SPACE,$0.99
1124090,ÂëäÊ≠ªÂ§©‰Ωø‰πãË®Ä Death angel,$0.99
1124100,Death angel - donation,$0.99
1124190,Police Stunt Cars,$0.99
1123550,Desire Gambling House/Ê¨≤ÊúõËµåÈ¶Ü,$0.99
1123790,Girls on the beach,$0.99
1123880,The Searchers of Legends : Origin OST PACK,$0.99
1123910,The Pointless Car Chase,$0.99
1123310,Super Lobster Run,$0.99
1122740,To the Hell,$0.99
1122980,Hentai Shojo,$0.99
1123000,Jitsumi's Blue-Light Filter,$0.99
1123030,WHO IS AWESOME,$0.99
1123060,Alien Creatures,$0.99
1123120,Arizona Derby Official Soundtrack,$0.99
1123210,Trap,$0.99
1122710,The Werewolf Hills,$0.99
1122150,ELEA,$0.99
1122210,Guns Craft,$0.99
1121770,Animal war,$0.99
1121330,Pixel Art Monster - Expansion Pack 5,$0.99
1120860,Ded Inside: Soundtrack,$0.99
1120920,ELON on MARS,$0.99
1120450,Pixel Art Monster - Expansion Pack 4,$0.99
1120070,Hyacinthus-donation,$0.99
1119380,Trump Vs Rocketman,$0.99
1119400,Colloc - Soundtrack,$0.99
1119630,DarkFairyTales SleepingBeauty,$0.99
1119640,Hentai MatchUp,$0.99
1119760,Rainbow Jigsaw,$0.99
1119770,VaporFly,$0.99
1118930,FRENZY PLANTS,$0.99
1118940,Robot terminator,$0.99
1119100,Hentai Vampire,$0.99
1118600,Let's make... sports,$0.99
1118660,NOTES - Soundtrack + Music Sheets,$0.99
1118670,Space raven quest - Tiny planet,$0.99
1118790,VQD,$0.99
1118820,Seraphic Destroyer,$0.90
1118390,Dragon Guide,$0.99
1117900,Fantasy Maid,$0.99
1117641,Hentai Mosaique Fix-It Shoppe Arts,$0.99
1117680,Hentai Cyberpunk SCI-FI,$0.99
1117300,Hacking with Benefits SOUNDTRACK,$0.99
1116520,The Backrooms,$0.99
1116630,THC - Alien Abduction,$0.99
1116940,FURRY GIRL PUZZLE - LOVE PACKüíù,$0.99
1116300,Bounce,$0.99
1115710,Uncensored DLC for Hentai Cuties,$0.99
1115720,Hentai Cuties - Artbook 18+,$0.99
1115730,Hentai Cuties - Soundtrack,$0.99
1116010,Blockoid,$0.99
1115570,Forest Mage,$0.99
1114750,Button Tales: Way Home,$0.99
1115030,Running Black,$0.99
1114360,Hentai Inumimi,$0.99
1114530,TTV3,$0.99
1114610,Hover Tank Arena,$0.99
1114630,Dr Tacocat,$0.99
1113810,once10 - donate,$0.99
1113950,Puzzle: Fire Sticks,$0.90
1114000,King of Dragon Balls,$0.99
1114020,ZomB: Battlegrounds,$0.99
1114110,Nightmare Game,$0.99
1114140,Fortune Telling,$0.99
1113340,Mr. Joshua Carrot,$0.99
1113390,Handy,$0.99
1113530,SAMOSBOR 2D,$0.99
1113710,Boss Rush,$0.99
1112950,Japocaliptyca/ –Ø–ø–æ–∫–∞–ª–∏–ø—Ç–∏–∫–∞,$0.99
1113210,Jomp The Jumper,$0.99
1112710,Neon Tower Blast,$0.99
1112260,Furries & Scalies: Super Scary Halloween Spooky Times: Charity Upgrade Pack,$0.99
1139840,TILTit,$0.99
1139890,Dictators:No Peace Countryballs,$0.99
1140060,WAR GHOST,$0.99
1138670,Z: Escape - Aftermath,$0.99
1138900,Ëß£Ê¢¶‰∫ãÁâ©ÊâÄ,$0.99
1138910,Escape Mind,$0.99
1139020,Hentai Evilgirls,$0.99
1138320,AREA 51 - DEFENCE,$0.99
1138340,Gardens Jigsaw Puzzles,$0.99
1138150,Fiery catacombs,$0.99
1137360,DOWN MEANS UP,$0.99
1137520,Spy Tactics - Norris Industries,$0.99
1136820,Someone Cloned The President,$0.99
1136960,Hentai Crazy Girls,$0.99
1137210,Alien Monopoly,$0.99
1136420,Gates of Hell,$0.99
1136440,HENTAI ARENA HOLY PUSSY,$0.99
1136750,Hero Mage - DLC,$0.99
1136751,Hero WarLock - DLC,$0.99
1136110,Hidden Objects - The Mystery House,$0.99
1135730,Zebra Logic Master,$0.99
1135750,Return to Earth,$0.00
1135290,„Çµ„Ç¶„É≥„Éâ„Éà„É©„ÉÉ„ÇØ,$0.99
1135437,Wreckfest - Goofy Roofs Pack,$0.99
1135490,Ambidangerous Original Soundtrack (OST),$0.99
1134180,Memory leak: Cyberpunk hentai,$0.99
1134250,Hexadrift,$0.99
1133650,Resistance is Fruitile OST,$0.99
1132990,Guns Craft - Expansion Pack 1,$0.99
1133350,Gravity Control,$0.99
1133410,Games&Girls Episode 4,$0.99
1132620,Last Knight,$0.99
1132750,Buck Zombies,$0.99
1132850,Try not to die,$0.99
1132960,At Home Alone - Reward 1$,$0.99
1131990,Hentai NetPuzzle,$0.99
1132010,Hentai ChessKnight,$0.99
1132020,Immortal Wanna,$0.99
1132080,Hentai Dgirls,$0.99
1132120,Put in,$0.99
1132330,Aircraft War: Shape Wars,$0.99
1131500,Hentai Vampire Soundtrack + Artbook,$0.99
1131690,Xentripetal Force,$0.99
1131820,Pixel Monsters Survival,$0.99
1131850,Plagueworld - Developer Pack,$0.99
1131090,Bandits - Soundtrack,$0.99
1131130,Groovin' - Perfect Music For Some Knightin',$0.99
1131270,Zombie Golf,$0.99
1131280,Âè´ÊàëÈì∏ÈÄ†Â∏à,$0.99
1131460,ÊòéÊó•Êé¢Èô©ÂÆ∂,$0.99
1131470,Hentai Cute,$0.99
1130780,ÊúàÂúÜ‰πãÂ§ú - ÂõûÂøÜÊãºÂõæ,$0.99
1130790,ÊúàÂúÜ‰πãÂ§ú - ÂçóÁìúÁÅØ,$0.99
1131010,Pixel Art Monster - Expansion Pack 7,$0.99
1130220,Soundtrack DLC,$0.99
1129720,Area 51 Defense,$0.99
1129810,Standball,$0.99
1129240,Mystic Mayhem Unleashed,$0.99
1129610,ÂØª‰π¶‰∫∫ Book Seeker,$0.99
1129680,GraFi 3,$0.00
1129180,Glitch Puzzle,$0.99
1128460,Gods of Havoc: Into the Void - Rise of the AI,$0.99
1128510,Nice Jumper - Premium Status,$0.99
1128640,EILF - Stamina Pack,$0.99
1128670,HENTAI Sliding Puzzle,$0.99
1127900,CYBER FURRY GIRL,$0.99
1127990,Hell Firefighter,$0.99
1128060,Hentai Sweet Girls - Hard Levels DLC,$0.99
1128100,ZeroZone2020,$0.99
1128270,Whack A Hoe,$0.99
1128280,IGOR MAKS The Meme Lord,$0.99
1127412,Anime Artist - Elisa the Innkeeper Pack,$0.99
1127800,ÂºÇÂåñ‰πãÊÅ∂„ÄáAbnormal Treatment - ÂéüÂ£∞OST,$0.99
1126940,Aircraft War: Dragon Wars,$0.99
1127270,Hentai XXX Plus: Jigsaws Vol 1,$0.99
1127290,Battle Survive Hentai,$0.99
1127411,Anime Artist - Ultra Lewd Pack,$0.49
1126450,SIMPLE GAME,$0.99
1126680,Neonis,$0.99
1126770,My Bones Remastered,$0.99
1126880,Pixel Puzzles 4k: Japan,$0.99
1126090,Booby And The Booby Trap,$0.99
1126230,ÁîµÁ≠í‰æ†,$0.99
1126350,ÊàëÁöÑÁ∫∏Áâá‰∫∫Â•≥Âèã OST,$0.99
1125590,Lightman,$0.99
1125650,Rogue Production Facility,$0.99
1125770,Monoa City Parking,$0.99
1125800,Endless Ski,$0.99
1125210,Car Mechanic Simulator 2018 - Rims DLC,$0.45
1125320,Pixel Art Monster - Expansion Pack 6,$0.99
1125430,INTERSTELLAR ROGUE SOUNDTRACK,$0.99
1125450,Sanitarium Rush,$0.99
1124660,STORM AREA 51: AYY LMAO EDITION,$0.99
1124700,Wintercearig - Support the Devs ($1),$0.99
1124790,Hentai LightUp,$0.99
1124800,Aura Shift,$0.99
1124810,Tower of the Alchemist,$0.99
1124860,Otter Space Rescue,$0.99
1124930,PUZZLE: ULTIMATE - Puzzle Pack: CASTLES,$0.99
1221510,IMM Defense 2,$0.99
1221590,Formula Car Racing Simulator,$0.99
1221630,Drifting in Space,$0.99
1221660,Little Tennis,$0.99
1220890,Ghone is gone,$0.99
1220920,ERO Girl Painter,$0.99
1221030,ClickCells: Winter Lady,$0.99
1221090,Game Of Puzzles: Space - Soundtrack,$0.99
1221290,Ice Maze,$0.99
1220440,Pick shoot repeat!,$0.99
1220080,Racing Bike Fight,$0.99
1220210,RETRO-PIXEL COLOR PALETTE - GB-4 Palette,$0.99
1220340,Schizophrenia,$0.99
1219560,Classic Hintbook - Easy Mode,$0.99
1219600,PARADOX,$0.99
1219610,Courage and Honor,$0.99
1219850,Drinks With Abbey - Donationware Tier 1,$0.99
1219300,Contract,$0.99
1219310,Ê¨¢‰πêÈÄóÁóÖÊØí,$0.99
1219320,Pets Sniper Shooting,$0.99
1218440,Tanks 2020,$0.00
1218520,Neko Neko,$0.99
1218650,Guns Craft - Expansion Pack 2,$0.99
1218680,Beatdown Brawler,$0.74
1218750,Orum's Death Run,$0.99
1218140,Marble Computing,$0.99
1218200,Game Of Puzzles: Space,$0.99
1218300,Gjana's World,$0.99
1217820,Topfold,$0.99
1217840,Mutant Football League: Sin Fransicko Forty Nightmares,$0.99
1217850,Angry food,$0.00
1217970,Easy Bug Manager - Cat Theme,$0.99
1217350,Pentasma,$0.99
1216955,UNICLR - Additional Londrekia's Color (No.31-40),$0.99
1216590,Lone Land,$0.99
1216610,Hentai Pansuto,$0.99
1216640,–°–∏–º—É–ª—è—Ç–æ—Ä –°–∏–¥–µ–Ω–∏—è —É –ü–æ–¥—ä–µ–∑–¥–∞: Online,$0.99
1216660,Hentai Sakyubus,$0.99
1216750,Photo Quiz - Flags,$0.99
1216820,Pixel Art Monster - Expansion Pack 15,$0.99
1216290,Photo Quiz - Instruments,$0.99
1215520,Aldred Knight,$0.99
1215600,The Legend of Eldridge Scrolls: Woop,$0.99
1215130,Voice of Cards: The Isle Dragon Roars Emil Dice,$0.99
1215340,Danko and the mystery of the jungle,$0.99
1214990,New Planets,$0.99
1214250,TIGER SYMBOLIC LINK KNIFE,$0.99
1214350,CarX Drift Racing Online - New Year Sticker Pack,$0.99
1214400,A Percent of a Pirate,$0.99
1214460,Tank Ball,$0.99
1214490,Hentai Breaker,$0.99
1214500,GraFi Lunar,$0.00
1214610,Photo Quiz - Landmarks,$0.99
1214210,ÈÇ£ÁæéÂÖãÊòü‰∫∫,$0.99
1213540,Seek Girl ‚Ö°: Fresh,$0.99
1213870,Kill The Santa,$0.99
1213270,Winter Snow | ÂÜ¨Èõ™ - Extra,$0.99
1213332,DFF NT: Blade of Ruin Ardyn Izunia's 4th Weapon,$0.99
1213370,Mr. Fast,$0.99
1212860,Flirt Balls,$0.99
1212450,Mineirinho Shooter DC,$0.99
1212480,Labirinto 3,$0.90
1212490,Photo Quiz - What Job,$0.99
1212540,Earthshine: Moonbeam (ost minigame and etc).,$0.99
1212620,Pretty Neko,$0.99
1212670,Photo Quiz - Capital Cities,$0.99
1212750,Undead zombies,$0.99
1212220,Photo Quiz - US States,$0.99
1212290,Kubble Star,$0.99
1212300,Reek,$0.99
1212320,ÂºÇÊòüÂâçÁ∫ø,$0.99
1211270,ÁîüÁâ©Â§ßÂÜíÈô©,$0.99
1211360,NEOMORPH,$0.99
1211490,Math Path,$0.99
2301920,Mimics the bots,$0.99
2301190,The Adventures of Mr. Willickers the Rotting Mule,$0.99
2300040,Gangster City: Mafia Car Driving,$0.99
2300270,Labyrinthian: Lost 'Til Dawn,$0.99
2299560,Halloween in Hollywood Artbook,$0.99
2299120,ITRP _ Aero Star - Soundtrack,$0.99
2299280,Angry Cubes,$0.99
2298630,E30 Drift Car Simulator,$0.99
2298990,Web Crawlies {Multiplayer},$0.99
2297320,Robot Room Cleaner,$0.99
2296980,De Feet,$0.99
2297150,Taxi Driver Simulator: Car Parking,$0.59
2297160,Lightballs,$0.99
2296392,Click Here - World Flags,$0.99
2296170,The Green Room Experiment  SoundTrack,$0.99
2295950,Mollusc Duo DLC,$0.99
2296060,Crazy Poker,$0.99
2295580,Police Car Armored: Cop Simulator,$0.99
2294790,Vivat Sloboda,$0.99
2294500,hexceed - Aqua Pack,$0.99
2294501,hexceed - Ignis Pack,$0.99
2294502,hexceed - Terra Pack,$0.99
2294503,hexceed - Ventus Pack,$0.99
2294030,Samurai Sword Stage,$0.99
2294070,The Office Rush,$0.99
2294180,Crazy 21,$0.99
2294320,PIP XL,$0.00
2293750,ÊàëÁöÑÊãøÊ±ÄÂ≠∏Âßê,$0.99
2293030,They Love Them,$0.99
2293300,Search,$0.99
2292560,TAL: Arctic 5 Soundtrack,$0.99
2292830,Scufflers Soundtrack,$0.99
2292940,Multiplayer Werewolves,$0.99
2292210,Pigskin Punter!,$0.99
2291820,StarRaver - Creator Skin,$0.99
2291821,StarRaver - Observer Skin,$0.99
2291190,Doodle TD,$0.99
2291490,City Ambulance Car Driving,$0.99
2290070,Army War: Shooting Simulator,$0.99
2290340,Endless Nesla Soundtrack,$0.99
2289460,My Time,$0.99
2289060,Five Nights at Tinky's Soundtrack,$0.99
2288480,Kiss Effect,$0.99
2288570,BadMan,$0.49
2288280,Be Frugal,$0.99
2288300,Dare To Spread,$0.99
2287060,Extreme Car Drift Simulator,$0.99
2287270,Full Gear Soundtrack,$0.99
2286880,Endless Fireworks Simulator,$0.99
2286130,RUSLICSTAN INVADES - SUPPORT 1,$0.99
2286200,Disgusting Puzzle 2,$0.99
2286300,Hentai Casual Slider 2,$0.99
2286330,Goose Ronnie,$0.99
2285140,The Moment of Memory,$0.99
2284770,Clear the Space,$0.49
2284950,SimpleClock,$0.99
2285120,Hentai Hasshaku,$0.99
2284360,Ibis AM Soundtrack,$0.99
2283690,The Adventures of LinShanHai,$0.99
2283930,Hentai EroCum,$0.99
2283940,Ancient Guardians: The Dragon,$0.99
2283240,Ultimate Flight Simulator Pro,$0.59
2283310,TAL: Arctic 5,$0.99
2283450,Roxy Raccoon's Pinball Panic - St. Patrick's Paradise,$0.99
2118570,Hear Your Path,$0.99
2118730,Farming Simulator 22 - Volvo LM 845,$0.99
2118740,Farming Simulator 22 - Volvo T 425 Krabat,$0.99
2118790,Sweet Car Wash Soundtrack,$0.99
2118860,Coloring Pixels - Flag 2 Pack,$0.99
2118880,Sweet Car Wash - Artbook 18+,$0.99
2118030,MushRun,$0.99
2118240,ÂÖÉÊï∞Áã¨ÂéüÂ£∞Èü≥È¢ë,$0.99
2118340,Table Ball - Colours DLC 4,$0.99
2118450,The Game For Skippers - Kinetic Story,$0.99
2117410,Cosmotica,$0.99
2117130,Hentai Pussy 4,$0.99
2117230,Night of the Wererat,$0.99
2116840,ÊúÄÂêéÂõõ‰∫∫-The last four,$0.99
2116870,ÊÆãÁßΩÁöÑÊàë‰ª¨ Soundtrack,$0.99
2115020,Froggin Up,$0.99
2115410,PARADISE PUZZLE!_ËøΩÂä†„Ç≠„É£„É©001,$0.99
2114890,War Obelisks,$0.99
2114559,Exhale XR - Waters Flow,$0.99
2114570,Exhale XR - Vast Wilderness,$0.99
2114571,Exhale XR - Foggy Mornings,$0.99
2114572,Exhale XR - Earths Beauty,$0.99
2114573,Exhale XR - Getaway,$0.99
2114574,Exhale XR - Glowing Sky,$0.99
2114575,Exhale XR - Vast View,$0.99
2114576,Exhale XR - Woodland Journey,$0.99
2114577,Exhale XR - Life's Embrace,$0.99
2114578,Exhale XR - Bugs Eye View,$0.99
2114579,Exhale XR - Waterfalls,$0.99
2114590,Exhale XR - Roaming,$0.99
2114591,Exhale XR - Adventure Day,$0.99
2114592,Exhale XR - Tranquil Space,$0.99
2114593,Exhale XR - Serene City,$0.99
2114594,Exhale XR - Oceans Daze,$0.99
2114595,Exhale XR - Lazy Day,$0.99
2114596,Exhale XR - Restful Ways,$0.99
2114597,Exhale XR - Graceful Skies,$0.99
2114598,Exhale XR - Magnificent Dream,$0.99
2114599,Exhale XR - Elevated Sights,$0.99
2114600,Exhale XR - Splendid Life,$0.99
2114601,Exhale XR - Day Dreams,$0.99
2114602,Exhale XR - Explore Beauty,$0.99
2114603,Exhale XR - Underwater Vibes,$0.99
2114604,Exhale XR - Inspired Moments,$0.99
2114605,Exhale XR - Unique Moments,$0.99
2114606,Exhale XR - Solace,$0.99
2114607,Exhale XR - Nirvana,$0.99
2114608,Exhale XR - Critter Watch,$0.99
2114609,Exhale XR - Soul Shine,$0.99
2114610,Exhale XR - Youthful Dreams,$0.99
2114611,Exhale XR - Trail to Calm,$0.99
2114612,Exhale XR - Waters Magic,$0.99
2114613,Exhale XR - Healing Vibes,$0.99
2114614,Exhale XR - Natures Kiss,$0.99
2114615,Exhale XR - History Road,$0.99
2114616,Exhale XR - Country Dreams,$0.99
2114617,Exhale XR - Earth's Kisses,$0.99
2114618,Exhale XR - Good Day Vibes,$0.99
2114619,Exhale XR - Dreams of Past,$0.99
2114630,Exhale XR - In The Waves,$0.99
2114631,Exhale XR - Majestic Creatures,$0.99
2114632,Exhale XR - One,$0.99
2114633,Exhale XR - Caress of Nature,$0.99
2114634,Exhale XR - Tour of Gardens,$0.99
2114635,Exhale XR - Wildlife,$0.99
2114520,Blood and Sorcery,$0.99
2114530,Exhale XR - Botanical Dreams,$0.99
2114531,Exhale XR - By the Water,$0.99
2114534,Exhale XR - Park Day,$0.99
2114535,Exhale XR - Spring Journey,$0.99
2114536,Exhale XR - Waters Overlook - Bridge View,$0.99
2114537,Exhale XR - City Pleasures,$0.99
2114538,Exhale XR - Fall Journey,$0.99
2114539,Exhale XR - Guided Waters,$0.99
2114550,Exhale XR - Magical Woodlands,$0.99
2114551,Exhale XR - Peaceful Moment,$0.99
2114552,Exhale XR - Seasons Grace,$0.99
2114553,Exhale XR - Serenities Door,$0.99
2114554,Exhale XR - Secret Forests,$0.99
2114556,Exhale XR - Aquatic Wildlife,$0.99
2114557,Exhale XR - Joyful Wildlife,$0.99
2114558,Exhale XR - Nights Glow,$0.99
2114190,ÊòüÈôÖÁéãÂÖ´‰º†Â•á,$0.99
2113370,Hex Picross,$0.99
2113590,Defenders of Tetsoidea: Chrono Chonus,$0.99
2113660,Hentai Furry 3,$0.99
2113690,Splash Ship,$0.99
2112990,ÁéãÂ≠êÊñóÊÅ∂Èæô2,$0.99
2113170,Sticky Steve's Sticky Situation,$0.99
2113180,Into the Sinkhole,$0.99
2111980,Unstable Rock,$0.99
2112160,Among Ass: Trilogy,$0.99
2112270,ËøõÂÖ•ÂêéÂÆ§Get into Backrooms,$0.99
2111640,Table Ball - Colours DLC 2,$0.99
2111641,Table Ball - Colours DLC 3,$0.99
2111760,PARADISE CLEANING - pregnant ogre -,$0.99
2111770,Star Trust - 3D Shooter Game,$0.99
2110550,eXecutor,$0.99
2110700,Japanese goblins,$0.99
2110760,Heist Master,$0.99
2110070,Tribe Explorer,$0.99
2110450,ÂÆàÊä§Â•≥Á•û‰πãSSÂ•≥È≠îÈÅìÂ∏à,$0.99
2109530,Classic Snake,$0.99
2109740,Blacksmith Weapon Merchant - Kawaii DLC,$0.84
2109741,Blacksmith Weapon Merchant - Blood Gods DLC,$0.99
2109310,Resident Evil 4 Leon Accessory: 'Sunglasses (Sporty)',$0.99
2109311,Resident Evil 4 Attach√© Case: 'Gold',$0.99
2109312,Resident Evil 4 Attach√© Case: 'Classic',$0.99
2109313,Resident Evil 4 Charm: 'Handgun Ammo',$0.99
2109314,Resident Evil 4 Charm: 'Green Herb',$0.99
2108870,Square Rounds,$0.99
2108400,ATCo2,$0.99
2108000,Snack Stall Burger Hard Lv1,$0.99
2108001,Snack Stall Burger Hard Lv2,$0.99
2108002,Snack Stall Burger Hard Lv3,$0.99
2108003,Snack Stall Burger Hard Lv4,$0.99
2108004,Snack Stall Burger Hard Lv5,$0.99
2108020,Snack Stall Steak Hard Lv1,$0.99
2108021,Snack Stall Steak Hard Lv2,$0.99
2108022,Snack Stall Steak Hard Lv3,$0.99
2108023,Snack Stall Steak Hard Lv4,$0.99
2108024,Snack Stall Steak Hard Lv5,$0.99
2107960,Snack Stall Omelette Hard Lv1,$0.99
2107961,Snack Stall Omelette Hard Lv2,$0.99
2107962,Snack Stall Omelette Hard Lv3,$0.99
2107963,Snack Stall Omelette Hard Lv4,$0.99
2107964,Snack Stall Omelette Hard Lv5,$0.99
2107980,Snack Stall Cocktail Hard Lv1,$0.99
2107981,Snack Stall Cocktail Hard Lv2,$0.99
2107982,Snack Stall Cocktail Hard Lv3,$0.99
2107983,Snack Stall Cocktail Hard Lv4,$0.99
2107984,Snack Stall Cocktail Hard Lv5,$0.99
2107590,Magic or Machinations?,$0.99
2107640,Bleeding Metal Rainbow,$1.00
2107810,Marine Survivors,$0.99
2107940,Snack Stall Menu Hard Lv1,$0.99
2107941,Snack Stall Menu Hard Lv2,$0.99
2107942,Snack Stall Menu Hard Lv3,$0.99
2107943,Snack Stall Menu Hard Lv4,$0.99
2107944,Snack Stall Menu Hard Lv5,$0.99
2106631,Â§èÊÅãÂπªÊ¢¶~Theme Song~,$0.99
2106770,Morris Cave,$0.99
2107060,Deathrun Guys,$0.99
2106440,Vain Ascendance Soundtrack,$0.99
2106530,PUTIN IN JAIL,$0.99
2105670,Single Player: Horror,$0.99
2106020,Table Ball - Colours DLC 1,$0.99
2105370,Mortal Fighter,$0.99
2105590,Lovely Neko Girl,$0.99
2104830,Greencastle - Expansion Pack,$0.99
2105060,Barboozeled,$0.99
2134120,Super Anime Waifu BBQ Simulator,$1.00
2134450,Neon Dungeon Soundtrack,$0.99
2134550,Mirror Broken/Èïú¬∑Á¢é,$0.99
2133770,The Tyler Tactics Anthology,$0.99
2133129,Monster Hunter Rise - High-brows makeup,$0.99
2133140,Monster Hunter Rise - Mizutsune face paint,$0.99
2132710,SokoMelody,$0.99
2131980,Lamp Simulator,$0.99
2132190,CapoeiRogue: Dandara Cord√£o de Ouro,$0.99
2131820,Á∫¢Êúà,$0.99
2130650,ÂüéÂ∏ÇÂ∑•‰∫∫Ê®°ÊãüÂô®,$0.99
2129500,CATAIRE Soundtrack,$0.99
2129650,Hentai Furry 3 - Artbook 18+,$0.99
2129820,Phil Alone - Book,$0.99
2129830,Deathwish,$0.99
2129050,REX,$0.99
2129390,CATAIRE,$0.99
2128760,Heartless,$0.99
2128780,Echo - Advanced Recovery Set(1),$0.99
2128790,Hentai Furry 3 Soundtrack,$0.99
2128220,The Most Awesome Game Ever Made,$0.99
2128410,World_of_Naples,$0.99
2127810,Learning Geography: Countries of the World,$0.99
2127820,BATTLE THUNDER FRONT „ÄäÊàòÈõ∑ÂâçÁ∫ø„Äã,$0.99
2128030,Catch Them If You Can,$0.99
2126840,Witch's Mystery,$0.49
2126230,Void Scrappers Soundtrack,$0.99
2125770,Beeny,$0.99
2125140,Eat Me Alive,$0.99
2124700,ËøûÊµ∑CASINO Soundtrack,$0.99
2124800,Elya Richi vs Blackstone : Nuclear War,$0.99
2124460,Asteroids and more asteroids,$0.99
2124560,Jump Journey,$0.99
2124590,City Bus Driver Simulator,$0.99
2123800,The Travel Game,$0.99
2123270,Dragon Must Die,$0.99
2122700,TK-cosgan,$1.00
2122230,Glass Bridge,$0.99
2120950,Hot Milf 8,$0.99
2121210,Femboy Bangers 2,$0.99
2120510,Simple Builder,$0.99
2120100,Top Fun 10 VR,$0.99
2120340,Zombie Mansion,$0.99
2103710,Gabenwood: 99 Hidden Bucks,$0.99
2104330,ToS Gamepad Tester - Testing Upgrade Pack,$0.99
2103320,Screaming Noppy,$0.99
2102940,Jade Order,$0.99
2102270,Roxy Raccoon's Pinball Panic - Vibrant Valentine,$0.99
2101660,Fleeting,$0.99
2101880,Hard Life,$0.99
2102070,Êó†ÊûÅ‰øÆ‰ªô‰º†¬∑Â∫èÁ´†,$0.99
2102080,Spacetime Dimension,$0.99
2101240,COSTUME : Elizabeth Summer,$0.99
2101560,Kawaii Hentai Girls 3,$0.99
2100930,Furry Feet - Femboys!,$0.99
2100940,Redhot Rabbit,$0.99
2101230,COSTUME : Satellizer Summer,$0.99
2100470,Delivering Letters,$0.99
2100600,kabuto,$0.99
2099850,Necrosmith Original Soundtrack,$0.99
2099870,Ever Seen a Cat? - Paper Edition + Wallpapers,$0.99
2100180,Ever Seen a Cat? 2 - Paper Edition + Wallpapers,$0.99
2099420,NOTALONE,$0.99
